Text,Groom
damn you are pretty hot for ,1
welcome,1
i am  m    laugh out loud,1
because that is old to you,1
your you are right there  laugh out loud,1
cool,1
old enough to be your dad ,1
laugh out loud,1
and doing nothing,1
oh sorry,1
i can play your daddy        laugh,1
oh i bet,1
you like that,1
no,1
look at my profile and you will see what it means,1
only a couple ways not to have kids,1
keep legs closed or good protection   laugh out loud,1
well its true,1
some of the times condoms or the pil do not work,1
she is and previous relationship of mine,1
what do not,1
why have you tried them,1
have heard of condoms that break and have heard girls getting pregnant when they were on the pill,1
i bet it would  laugh out loud,1
oh bull,1
you will change your mind one of theses days,1
then keep legs closed  laugh out loud,1
that is no fun either,1
nope,1
that was fast,1
oh,1
i want a kitty in my room too  but not a for four legged one  laugh out loud,1
think,1
what is another name for cat kitty  laugh out loud,1
vagina cat,1
laugh,1
okay i know i am bad,1
thank you,1
good at being bad though,1
hell yes,1
but where the bad girls at,1
bad or naughty,1
no i was asking where the bad naughty girls at,1
i can tell you are and ,1
for doing what,1
what do you do when you skip school,1
you need a spanking,1
no way,1
i like to give spankins,1
pleasure spankins that is,1
nice little pleasure spanks,1
yes,1
guess you have never done anything with a boy have you,1
like,1
and what did you do with him,1
well i mean sexual,1
on him,1
did you like,1
no its not bad,1
what did he do to you,1
did you want him to do anything,1
because he got what he wanted,1
and he was the one that wanted it,1
see it was all about him,1
that is boys for yes you ,1
all boys are like that,1
men pleasure their girls,1
yes boys only want the girls to pleasure them,1
and that is not right,1
it is,1
did he like it,1
you must have been pretty good then ,1
where did he cum,1
did you like that,1
did you spit it out or swallow it,1
how old was he,1
and you never wanted to do anything else,1
what about when you were with him,1
what would you have like to done,1
but i know you have talked about it with your friends,1
what is all the way,1
oh okay,1
its cool,1
and there is more things then just going all the way,1
kissing a girl all over her hot body,1
licking and sucking and playing with her nipples,1
rubbing fingering and licking her sweet little vagina,1
oh yes,1
that is called foreplay,1
sometimes so much more fun then just going all the way,1
guys do not like doing what ,1
because he is a boy,1
only want to get pleased instead of pleasing the girl,1
real men please the girl,1
i would much rather please the girl and get her off,1
i love playing with a hot girls body,1
well i do,1
now what are you thinking  laugh out loud,1
how long were you with him,1
how long were you dating when he wanted his first blow job,1
were you nervous about it,1
he was always the one that wanted it,1
sweet,1
well you are a cute that is for sure,1
and he never even played with your boobs,1
did your nipples get hard,1
damn i would not have stopped there  laugh,1
because you have a nice little body too,1
i bet all the guys want you,1
but i bet some want you,1
they do not flirt with you,1
do you flirt with the boys,1
and i am paul,1
you are sexy charlotte ,1
anytime,1
not yet,1
had to redo my computer so do not have them on here yet,1
but i am '  pounds brown hair and blue eyes,1
where in ok are you,1
south kansas,1
almost on the oklahoma border,1
i like to travel ,1
what are you doing in and oklahoma room    looking for guys,1
and flirtin,1
you can flirt with me  laugh out loud,1
do you have a lot of older guys that message you,1
what do the others want,1
oh i bet there are some that want more than that,1
and you have not iggied me yet,1
well i do not like gross,1
i just like to please,1
in many ways,1
i like to take a girl shooping,1
and differnt places,1
what girl does not  laugh out loud,1
why do not you like it with her,1
she do not like you in skimpy clothes  laugh out loud,1
is she strict,1
okay i will take you shopping ,1
spring or summer would be a little better when it was warmer out ,1
get some sexy little shorts,1
and a sexy little top,1
do not know what those are  laugh out loud,1
nice,1
and some sexy little panties ,1
what size boobs,1
i like,1
no  ,1
and i bet a nice little buttocks too,1
need your back washed,1
that is not and answer ,1
yes but would you want me to,1
was asking if you wanted,1
just do not drop the soap   laugh out loud,1
things happen then,1
if you bent over to get it,1
do you want to,1
you must like me,1
depends if you want to get bad,1
yes you can,1
i need to get going too,1
are you on here much,1
well i am usally on at night,1
well after work for me which is after ,1
if you want,1
well of course,1
okay do not know if i will be tonight,1
if it says idle by my name and you message me and i do not answer means i am not here,1
i won't ignore you,1
but sometimes i leave my computer on,1
well have fun in the shower and think of me,1
can i ask you a ,1
do you shave down there,1
shaved is nice,1
okay,1
bye sexy,1
okay back for a few,1
nothing,1
what about you,1
fun fun,1
are you pretty good in school,1
want me to teach you a few things,1
what do you want to learn,1
i mean things you cannot be taught in school ,1
what its like for you to have multiple orgasms,1
do you get horny,1
what do you think about,1
oh tell me,1
guys and what,1
what other stuff you want,1
you want more,1
well tell me what you do know and what you would like to do  and do not say i don't know ,1
i know you talk about it with your girls,1
well what do you want to do or try,1
you and your girls have never talked about other things,1
did they like going all the way,1
and none have had been eaten out,1
oh you would like,1
ever touch yourself,1
did it feel good,1
there is nothing wrong with it,1
guess i could teach you,1
i could show you how,1
by showing you how to do it,1
would you let me,1
how did you do it before,1
what did you rub,1
top of what,1
did you spread it any,1
its not ewwww,1
do you know where your clitoris is,1
its like a little button on top right on the inside,1
that is what gets a girl off,1
do you ever get a little wet down there,1
then you are horny,1
and before a guy goes all the way he should get a girl really wet,1
and does that by foreplay,1
so see i could teach you a lot,1
yes would be hard on here,1
but would you like to learn,1
i mean learn what its like for a guy to do it,1
you want to learn that,1
so how we going to do that,1
kind of hard on here,1
guess you will have to invite me down there,1
you going to invite me,1
and tell me what you would like to do and learn,1
tell me all baby,1
oh come on tell me  i want to hear it from you,1
do not be shy,1
do not be shy just tell me,1
what else,1
ever heard of sexual position oral,1
when a guy lays on his back and the girl gets on top of him and spreads on his face and he licks her as she is giving him a blow job,1
its great,1
and what would you like to do to me,1
did you play with his dick or just suck it,1
so he was already hard,1
so you got him hard by sucking on it,1
but will teach you how to play with it,1
can you get out at night on a weekend,1
you home alone then,1
you the only kid there,1
so want to make plans sometime,1
okay night and sweet dreams,1
going to give me a kiss before you go,1
thank you sexy,1
want to be my little girl,1
hello there,1
sorry was putting some food in microwave,1
i am hungry,1
so what is up,1
its friday,1
school isnt until monday,1
not hanging with the girls this weekend,1
that sucks,1
where does she go,1
so look out charlotte will be on the loose,1
you stay at home when she is gone,1
does she call and check on you all the time,1
i see,1
so you pretty much do what you want,1
do you have friends over,1
so she pretty much trusts you,1
well that is good,1
so did you think of anything fun today,1
who all do you chat with,1
if i am slow its because i am eating,1
welcum back,1
sometimes ,1
and how do you know   you have not tasted me  laugh out loud,1
or should i have said yet,1
maybe you do not want to taste me  i don't know what you want,1
well you need to tell me what you want,1
well i want to hear it from you what all you wouldlike to do,1
well i know you girls talk about it,1
so i know that you know some,1
and you would want to do that,1
okay so tell me what you want,1
you kind of did ,1
waiting for you to tell me first,1
girls always go first,1
ha,1
okay i will tell you all if you do the same,1
i want to kiss you all over your body,1
lick and suck on your nipples while rubbing on your vagina,1
and then slide down and spread your legs and lick that sweet little vagina,1
and show you what and orgasm is,1
and not just one,1
oh you would know if you di,1
did,1
okay now you tell me,1
tell me all,1
have you been thinking of that,1
so you would like to spread on my face,1
you want to try that huh,1
what have your friends told you about it,1
what else they say,1
because those are boys  laugh out loud,1
they got what the wanted,1
they,1
i like to cuddle and kiss after,1
did they tell you how long it lasted,1
boys again  laugh out loud,1
depends,1
some guys cum real fast  laugh out loud,1
did your previous relationship cum real fast when you gave him a blow job,1
i have gone about  minutes before,1
but fun,1
did your friends tell you what position they did it in,1
many more,1
so how did they do it,1
they did not tell you,1
probably on their back,1
since they were just boys  laugh out loud,1
they do not know anything yet,1
 common ways,1
girl on back,1
girl on top,1
and doggystyle,1
doggystyle is when girl gets on hands and knees and the guy gets behind her and does it that way,1
or when the girl just kinds bends over the couch or chair,1
that is why i said do not drop the soap in the shower   laugh,1
how tall are you,1
',1
and you are a small girl,1
and a tiny sexy body with nice little nipples,1
and i bet they are nice and perky and firm,1
probably do not even have to wear a brassiere,1
well i would like to see that,1
so you going to wear a brassiere for me,1
easier access too,1
will get them nipples hard so they poke out your shirt,1
ever have that happen,1
when you are cold or what,1
why do they get hard when people are around,1
do you get embarrased,1
could you get all of you ex's in your mouth,1
did you suck just on the head too,1
sucking on the head feels good,1
and licking it,1
did you grab his balls,1
oh that feels good too,1
do not pull on them,1
rub them and play with them,1
and you never stroked his dick or played with it,1
so it went straight in your mouth,1
that is no fun,1
well you can try things without being told,1
in what way,1
is she married or have a boyfriend,1
she must not have listened to good then huh  laugh out loud,1
so she is telling you to do anything the guy wants huh,1
has she talked to you about sex,1
she told you to do what the guy tells you in sex,1
so she do not care if you have sex,1
what if a guy brought his friend over and wanted you to do both,1
what if he brought another girl over,1
so you are going to be the guys slave,1
that is more or unless a slave or a sub,1
and a sub is a mans girl that is submissive and will do what he says,1
and he is the master,1
there are good ones and mean ones,1
i know a couple girls that their master makes them do his dog,1
and they do it because that is what he wants and they please him any way he wants,1
what,1
doing the dog,1
yes i know,1
do you think girls with girls are ewwww,1
its hot,1
to see you and your little blonde friend,1
she is a cute too,1
she the one that has gone all the way,1
just once,1
with her boyfriend,1
you going to tell her when you do it,1
why not,1
blondes ,1
well i think you look better anyways,1
i bet you look good in a bikini,1
i bet so,1
so what are you thinking now,1
oh thought you might be thinking of me,1
and why is she crazy,1
well i asked you what you were thinking about and you said your aunt,1
and what about me,1
i do have one,1
not good but you want to see,1
see,1
everybody says that,1
you have anymore pictures,1
and i am cool ,1
front,1
i am a smartass too if you could not tell,1
just slap me if i get out of line,1
awwww you like me,1
how sweet,1
now lick me,1
your suppose to say okay,1
do not have to be a dog to lick,1
i like to lick,1
oh wait  maybe i am a dog ,1
ruff ruff,1
well i like to do it doggystyle,1
i love a girl in that position,1
see her sweet little vagina between her legs from behind,1
mmmmmmmmm,1
that turns me on,1
so now you know what turns me on,1
so what does that mean,1
you know what turns me on so what would you do,1
i just told you what turns me on,1
well i told you what turns me on so what will you do,1
you never said what you would do,1
was wondering what you would do,1
tell me how you would do it,1
you have to try and do some things on your own too,1
how would you try it then,1
would you just sit there and not do anything and wait for me to tell you everything,1
did you get what i said,1
well i want you to try things on your own too,1
so i told you what turns me on how would you try to do it,1
and lay your head down and keep buttocks up and spread legs,1
i like to rub a cute buttocks too,1
i love a hot little buttocks,1
and like to lick it too,1
and lick her inner thighs,1
not the buttocks whole,1
nothing wrong with just licking the buttocks,1
see your previous relationship had no idea how to do anything,1
i would have been all over you,1
why the sad face,1
do not have to,1
you do not have to feel dumb,1
i just want you to tell me what you would like to instead of just saying what ever i told you to do,1
or what you would like to try,1
you sucked his dick and i know you were thinking of other things,1
you did not even think of what it would be like to grab his dick with your hand and play with it,1
how many times did you do it,1
and never thought about it the other times you did it,1
no other thoughts went through your mind,1
and what if you did not do what he wanted,1
so you broke up with him anyways,1
yes i need to go for a few too,1
you going to be up late tonight,1
no kiss,1
nothing to do,1
do not know,1
what have you been doing,1
september,1
yours,1
so you just turned ,1
what grade you in,1
yes i am,1
do not pay much attention to that,1
do you,1
when am i going to be able to talk to you on phone,1
when is that,1
what times,1
well i work from  in morning until  at night so kind of hard during the week,1
damn,1
thinking about it though,1
going to the casino,1
if yes you win  laugh out loud,1
and not as fun as being with a naked girl,1
maybe,1
on the indian reservations,1
and what do i get if i do,1
when i come see you what are you going to wear,1
is it a short skirt,1
any brassiere or panties,1
nooooooooooo,1
you said you do as the guy wants,1
so i do not want no brassiere or panties,1
good,1
that is even if you want me to come see,1
you,1
if you want me to,1
where we going to go,1
in your bedroom,1
nice house,1
is everything kind of cool to you  laugh out loud,1
so when you open the door you will be looking all sexy huh,1
you going to change then,1
and what will the neighbors say if they see me coming in,1
but and old guy like me  laugh out loud,1
how old is she,1
why is she going to california,1
you never told me,1
and cannot come see you until she is gone,1
yes you ,1
you want to see me then,1
want to talk to you on phone first,1
got booted,1
i will give it to you when you let me know she is gone and you are going to call,1
you won't get in trouble calling long distance,1
where is back home,1
what part of mo,1
damn that is not all that far from me,1
what part of okay are you in,1
east west or central,1
what is the town,1
not going to tell me the town,1
is it a big town,1
got a mall there,1
except you,1
what are you doing,1
feel better,1
can i wipe you after you are done,1
okay i will next time,1
when i am there,1
can i give you a bath too,1
warm bubble bath,1
and i would like you in them,1
so you want me to teach you to touch yourself,1
i am not going to get mad,1
so you want to learn,1
you will like,1
so when you get horny at night you will know what to do,1
and you want to learn to play with a dick,1
will teach you anything you want to know,1
you have a bedtime on weekends,1
kiss,1
you always forget,1
bad girl,1
bye,1
what is up,1
never got what you said  the window went blank,1
just got home,1
do not work on sunday,1
was with a friend all day then went to parents for dinner tonight,1
what did you do today,1
ate way to much,1
belly is full,1
pretty soon,1
waiting for work clothes to get out of the dryer,1
i wish,1
or i need a girl to get them out for me  laugh,1
fuck that,1
i can do my own laundry,1
have been doing it for years,1
damn the weekends go by way to fast,1
trade yes you ,1
i have to go to work,1
you just need to find a guy with money  laugh out loud,1
oh so you want to be with me,1
will your aunt let me have you,1
how long you want me for,1
you just want my truck too  laugh out loud,1
so you can ride,1
want me to teach you that too,1
are you high,1
you nipping,1
night night,1
hello just got home,1
yes i do,1
got to make money some how,1
so what have you been up to,1
why is that,1
so you can do what you want,1
and sleep in as long as you want,1
what else you going to do,1
have friends over,1
and get in trouble,1
i don't know,1
supose to be colder than hell,1
you going to warm me up,1
you do not know,1
well i mean if i was silly,1
i am asking how you would do it,1
and that would do it,1
do not think a hug would do it,1
rub your sexy body all over me,1
your naked sexy body,1
and so are you,1
so if i come see you and tell you i am cold you will know what to do,1
and what are you going to do,1
you going to be naked,1
well when i ask you what you are going to do the answer i am looking for is like this    i will first take my top off and rub all over you and then pull my shorts off and get totally naked and rub all over you ,1
and get you hot,1
i do not like when you say  will do what you just said ,1
well do not be shy,1
i want to know,1
do what,1
but what if i was,1
will you be shy in person,1
so what are you doing now,1
what kind of music do you like,1
does not matter,1
noyhin,1
be right back need to reboot,1
okay back,1
what time does your aunt leave tomorrow,1
you going to call me tomorrow evening then,1
i thought i gave it to you,1
geez,1
you want it now,1
  ,1
what else is under your matress,1
how bad you want to see me this weekend,1
for how long,1
how long you want to be naked  laugh,1
you going to be naked whole time i am there,1
what if i want you naked the whole time,1
at least topless,1
those little nipples will be hard the whole time  laugh,1
you have any hair down there,1
can you shave it,1
i do not like any hair,1
you call me tomorrow night and i will,1
and where do you want me to cum  laugh,1
on your nipples,1
won't cum in you,1
call a little after ,1
and if i do not hear from you i am not going to come,1
are you,1
you want to get naughty,1
cannot invite any of your friends over then,1
unless one of them wants sex too,1
be right back phone with brother,1
my brother is in the navy in australia,1
and he is in washington dc right now,1
yes he is way up there in command,1
almost and admiral,1
has lots of pull  laugh out loud,1
how late you going to stay up when aunt is gone,1
well what if i came down tomorrow night,1
would you like that,1
and how you going to answer the door,1
what if it is cold,1
jeans,1
like when i get inside,1
no brassiere right,1
you going to be nipping ,1
what kind of panties do you wear,1
what color thong,1
wear the black one,1
what size boobs again,1
nice and perky,1
oh and i will tell yes you  at night  i do not like a lot of light,1
low dim lights,1
you have a big bed,1
bif enough for ,1
big,1
you want to sleep tight to me,1
fall asleep in my arms naked,1
with your cute little buttocks up against me,1
do you snore  laugh out loud,1
i might,1
use to not to,1
until i had my nose and cheek bones crushed,1
i help a race team,1
and was changing a tire on the back and the driver started the car and it was in gear and the impact wrench ko'd me,1
my nose was almost over by my ear,1
just snore now and then  laugh out loud,1
took for four surgeries to get me back,1
 summers ago,1
and went to the hospital and got stitched up and went right back to the race track,1
could not do anything else with my nose or cheeks until all the swelling went away which was about  weeks later,1
i never missed a race and only for four days of work for the surgeries,1
or dumb  laugh out loud,1
ahhh you like me,1
to bad you were not older so i could bring you home with me,1
yes it would,1
would love someone like you to live with me,1
would you be my little sex slave,1
i would treat you right though,1
i am not abusive,1
do not believe in that shit,1
a guy should never ever hit a girl,1
just spank her little buttocks  laugh,1
for pleasure,1
you like to kiss,1
like to use your tongue,1
i am going to get you lo like girls too,1
to,1
oh that is so hot,1
you said do what i want you to,1
can i bring my camera,1
will you be camera shy,1
i would never do that,1
i want some of you on your hands and knees,1
you know i like that,1
can you cook,1
good so you going to feed me when i am there,1
and then you are the dessert,1
got any whip creame,1
chocolate,1
syrup,1
you like chocolate,1
you can put it on my cock,1
you get to lick it off,1
you like chocolate that much,1
well you can put it on my cock the,1
then,1
will be fun,1
you ready to go all the way,1
have you been thinking about it,1
you excited,1
hope you have not,1
you ready to play,1
okay well i will be waiting for your call,1
if i do not answer keep trying back,1
might still be working,1
i do not know,1
but hope to be off by ,1
well i think i am going to go to bed,1
tired,1
will be waiting on your call,1
hello sexy hope you call me today  i really want to come see you,1
hello you,1
out of school aleady,1
are you going to talk to me,1
how are you,1
your aunt gone yet,1
i am not going to make it tonight,1
have to work for a couple hours in the morning and then can leave,1
sorry,1
when,1
what are you going to be doing,1
you going to see some other guy,1
well what if i came tonight,1
what time you going to go there,1
ummmmm when you going to call me,1
can you call me now,1
in about  minutes,1
tell me whn you have it,1
my phone is in my truck so i have to go out and get it,1
i need to get off here and go back to work anyways,1
i have about a  minute drive back to my job,1
did you find the phone,1
hello,1
damn how can you lose the phone,1
here is my number again      i need to get back to work so call me when you get the phone  i better hear from you if you want to see me tomorrow,1
i will be waiting for your call,1
you find it,1
okay hurry baby,1
okay hurry  i want you to call me so i can come tomorrow,1
i am leaving here now too so hurry and call,1
hurry baby,1
waiting,1
hurry up,1
you have not signed off yet,1
okay guess if you do not call you do not want me to come tomorrow,1
got to go now so call me,1
hello you hung up on me,1
you going to call me back,1
try,1
did not you like talking to me,1
and so did you,1
you sounded sweet and sexy,1
when you call me back,1
no it isnt  we did not even talk  minutes,1
i will take yes you to buy another one,1
so do not worry about that,1
i do not even know where you live though,1
how long does that take   its been almost  hours,1
well they do not take much more than  hours ,1
does not sound like you are to interested,1
how,1
well wedidnt even talk  minutes  geez,1
and i do want to come over but want to talk a little more than  minutes on the phone,1
 minutes or so  because i want you to save a little for when i am on my way tomorrow so you can call me and see where i am at,1
well that sucks,1
always something,1
here is a calling card i have  see if there is any minutes left on it,1
you have to call     first,1
then the pin number is   ,1
did you get that,1
okay you get one then when i come there i will get you another one,1
are you going to call me back after you getone,1
well then yes you ,1
i really want to see you too,1
but want to talk a little more than  minutes,1
i will come,1
you just call me,1
and why do you really really want to see me,1
you feeling horny,1
hope its more than kind of when i get there ,1
okay then when you call me back you can give me your address,1
okay call because i am going to get off here and go run some errands,1
talk to you in a few,1
i am back,1
you here,1
you hung up again ,1
did not it tell you that you were about out of time,1
did not you see i called you back,1
well i left a message on your answering machine,1
so you better erase it before aunt gets home,1
no problem,1
going to here in a few,1
you want me to hurry and get there do not you,1
of course,1
how come you are invisible,1
you hiding from me,1
shows you offline on my end,1
i know you are here,1
wish you were here,1
why,1
you horny now,1
not playing right,1
what do you mean,1
i am eating ice cream   mmmmmm,1
why you so worried i am not going to come,1
has there been some other guy that said he was going to come see you and never did,1
have you ever been interested in someone that you wanted to meet them,1
so i am the first,1
geez ,1
oh bite me,1
and you would if i was,1
how long you been chatting online,1
just asking,1
you have friends,1
i was joking,1
quiet,1
after done with ice cream,1
ice cream with strawberries and chocolate,1
most girls do,1
like shopping,1
so when is your aunt going to let you move out,1
so you can live with me,1
you think you would like,1
what is that mean,1
i thought you meant you might not like what you see when i get there and not let me in,1
how many people you talking to now,1
well you are slow to respond ,1
what is your email address,1
how long have you had this name,1
because you have not been  all that long,1
oh so you have more than one,1
but she knows you chat right,1
has she seen your friends list  laugh out loud,1
okay so if you have no more minutes on your calling card how you going to see where i am at tomorrow,1
well i have your number too if you answer the darn phone,1
yes yes,1
you can use that tongue tomorrow,1
if you know how ,1
you said you just sucked it though,1
put some chocolate on it ,1
how long has it been since you gave a blow job,1
to long huh,1
you ready again,1
you do not have to shave if you do not want,1
you can wait until i get there,1
okay i want to see,1
will you do that for me,1
okay checking directions now,1
 miles,1
about  hours,1
probably around noon,1
hope its worth the drive ,1
you think i will want to eat when i get there and see you in a little skirt and sexy top,1
do you use lotion after a shower,1
i want to rub you down with it,1
you use it on your whole body,1
mmmmmm i want to rub it in those nice little nipples and thighs,1
want to take a nice warm bath or shower together,1
do not drop the soap  laugh,1
well you might like it,1
hope you like me,1
but you have not met me yet goofy,1
well thank you,1
and i like your sweet little voice,1
and i like your little giggle,1
i noticed ,1
its okay,1
what do you weigh,1
how tall,1
sweet a nice little body,1
that is what i like,1
nice flat tummy,1
you going to run from me,1
i use to run the mile and  mile,1
thought you were going over to a friends tonight,1
so you are stuck with me for awhile,1
what are you going to do when i get off here,1
oh ,1
big baby,1
you need a bottle,1
like what,1
did you get drunk,1
drunk and horny,1
but not horny huh,1
most girls when get drunk get horny,1
who did you drink with,1
the one that cannot keep her mouth shut  laugh out loud,1
who took all those pictures,1
does she know you have them on here,1
i will take more pictures,1
you want,1
what happened to it,1
do you want more pictures,1
naked ones,1
oh hell no,1
naughty pictures of you,1
what did you get,1
yum,1
talking to you,1
be right back  need to pee,1
want to hold it for me,1
that is not and answer,1
what if i was there,1
only if i can wipe you after you are done,1
so what are you doing,1
my eyes are getting heavy,1
going soon,1
been a long day,1
you got quiet,1
where did you go,1
so it isnt your time of the month is it,1
that is good,1
what are you wearing tonight,1
brassiere,1
yuck,1
be right back  phone,1
okay i do not know what to believe now,1
ummmmm you know naughty_adventure that you are talking to,1
he is a friend of mine,1
and you gave him your address to come over to see you tonight and for the weekend,1
so now what do i believe,1
its not me,1
its a friend,1
how can it be me when i am talking to you,1
sorry its not me,1
how is that,1
i was not at home when you called,1
and then when i did get home i was eating,1
i am sorry but swear to god it isnt me,1
it is a friend of mine that i had send you a message just to see if you were playing,1
when was i being and buttocks except to have him message you,1
no i have not,1
i would have come seen you tonight if i did not have to work in the morning,1
yes i did,1
and still do,1
can i call you and talk to you,1
if i was playing stupid games do you think i would have gave you my number  no,1
i told you why i had him message you,1
and another reason i gave him your name was to see if your stories were the same   and you know what,1
they all were,1
which is good,1
okay baby  you know how many times i have been burned,1
i told you i am sorry for doing that and having him message you,1
if i was and was not serious about seeing you i would have not gave you my number,1
and how do i prove that to you,1
i am so sorry,1
well it was hard baby when you told him you had no plans for the weekend when you knew i was coming,1
seriously  has not any other guy on here wanted to meet you,1
his name is eric,1
do you go to the chat rooms often,1
okay tell me this  what are you looking for in a chat room,1
you told me earlier you just chatted with me and your friends from school,1
most,1
but none in the chat room have ever asked to meet you,1
sorry for having him do that,1
won't forgive me,1
i am sorry ,1
and it sucks you won't let me call you  it do not even cost you,1
well i like the phone better than this,1
are you going to type to me when i get there  laugh out loud,1
for  minutes  wow  is that all you can stand me  laugh out loud,1
so you would rather type,1
you are weird ,1
if i did not you think i would have gave you my number and still talk to you,1
was just using your words,1
 ,1
l ,1
i like that smiley the best,1
get over here and let me squeeze that buttocks,1
you like that better,1
but you know eric did not have a bad idea,1
when i get there you come out and show me your boobies,1
he told me all what he said,1
picture of what,1
a picture of what,1
i will,1
did you like whatever it was,1
what was it,1
damn it tell me,1
his car,1
well that is a thing,1
no was not me,1
i do not have a picture of that,1
did you tell him you liked it   laugh out loud,1
since you liked it so much want me to stop and pick him up on my way,1
you might like it better than mine ,1
quit crying,1
you need something to suck on  laugh out loud,1
huh huh,1
no he left and went to the bar,1
no you did,1
 o,1
was kind of when you said you had no plans and then invite some guy over when you had me,1
what if he did show up,1
and then i showed up right behind him,1
well you going to open it for me,1
well he said a red mustang and he does have a red mustang,1
but i do like his idea,1
when i get there you come out to my truck and show me your boobies,1
not crazy,1
so will you do that,1
you won't have to wear a skirt,1
wear a jacket,1
and just pull up the front,1
they won't be able to see if you are facing my truck and have a jacket on,1
grrrrrrrrrrr,1
oh please do it after i drive  hours to get there,1
you said it would be worth my time,1
that is a good way to start out,1
x ,1
and you said you will do anything i asked,1
okay how about just coming out when i get there,1
and have your sexy little top on with no brassiere,1
oh come on,1
you can put a jacket on,1
just do not zip it up,1
checking what,1
barely,1
i am fading away,1
i have been up since  this morning,1
no  you will suck  laugh out loud,1
i lick,1
playing with myself right now,1
do not you wish you were doing it,1
playing with me,1
well i think i am going to bed,1
do you get offline messages,1
i have,1
sent a couple today before you got on,1
i do not remember,1
because if you are not on in the morning how do you know when i am leaving,1
and you better answer the phone tomorrow,1
what time,1
well i won't call until the afternoon,1
or you better call me,1
if i do not hear from you by  i am going to turn around and come home,1
or if i call i do not want to get the answering machine,1
well you know i will be calling so if you want to see me that bad you will be waiting for a call  see what i mean,1
not acting weird,1
when someone says they are going to call me i make sure my phone is free so they can get a hold of me,1
and said it won't be until about ,1
i will leave you and offline if you are not on when i leave,1
okay well i am going to bed,1
sweet dreams,1
cannot wait to see you,1
hello you need to get a hold of me when you get on here,1
yes  no call,1
i did  times,1
actually ,1
u did,1
i,1
did not leave a message,1
called once about  when i left,1
and then a couple times around ,1
i was to the oklahoma line,1
how come your number is lawton number when you live in walters,1
okay another thing  you know i asked you if you had a mall or wal mart in walters,1
and you said you did not know,1
how could you not know when the town is that small and only   people in it,1
oh wait a minute    did you say it was your aunts cell,1
then why did you have to get offline to call,1
not fighting,1
just asking s because it seems weird,1
no i am just checking things out before i drove that far,1
is your house in the middle of the block or on a corner,1
damn  mapquest shows it on the corner,1
mapquest has a new thing where it gives real pictures from above where the location is,1
shows all the houses and everything,1
how close to the railroad tracks do you live,1
or tell me what street is right next to you,1
and seriously i was at the oklahoma line when i turned around,1
and  bucks in my pocket,1
sorry i am not a player,1
you never called or answered like you said you were,1
and i said i was going to turn around if i never heard from you,1
see i would have been there by  and you would not been home,1
how nice would that have been,1
i was coming,1
told you i was,1
i keep my word on things,1
yes because only talked for  minutes,1
what the fuck,1
because things you tell me now do not add up,1
you know you can find a lot of info on the internet,1
tell me the name of the school you go to then,1
and do not take  minutes to look it up,1
you neve said if there are railroad tracks close to you,1
i am not a player,1
you want me to get in truck and come that way,1
again,1
wow are you getting mad,1
told you i was sorry,1
and you do not think i would have been more mad if i drove all the way there and you went home,1
i told you i was coming and i did,1
i left at ,1
got to the oklahoma line and never heard from you so turned around,1
yes i would have,1
that is what mapquest said and that is diving  miles and hour,1
you can drive  on interstate,1
so driving  miles and hour faster can save ove and hour,1
mapquest gives the driving time at  miles and hour,1
so driving  can make up a lot of time,1
well think about it,1
 miles per hour you can drive  miles in one hour,1
 you can drive  miles in one hour  that is  more miles in one hour,1
so in  hours you are saving almost  miles,1
that is and hour and a half,1
in time,1
told you i really wanted to see you,1
okay tell me this,1
if you were druving  hours to see somebody and you never heard from them like they told you they would what would you think,1
i am saying if you were going to drive that far to come see me and never heard from me what would you think,1
and then you got here and i was not home,1
and no you would not have  you would have been mad if you drove this far and never got a hold of me  would think i was playing yes you like you said i am now,1
i am not,1
i asked you if you want me to get in my truck now and come that way,1
yes i will,1
come that way,1
well i would like while i am on my way so you know where i am,1
you said you would do that,1
that is why i said i would call you,1
what kind of cell phone is it if you have to get a phone card for it,1
well of course  sorry i do not know anything about them,1
and i told you i would get you a new one or give you money for one,1
told you i would get you a new one or give you money for one,1
well only want you to call me to see where i am,1
won't talk long,1
do not you want to know how close i am,1
not yet ,1
how close you want me,1
i got camera cable today so can record it automatically,1
it has built in recording,1
i can be home for it,1
or leave after it,1
depends how long you want me to stay ,1
said i can stay if you wanted me to,1
would you let me take a nap tomorrow afternoon so i can drive home at night ,1
well of course ,1
i am so going to spank your buttocks ,1
but can be,1
you want me there,1
told you i could not baby  i worked this morning,1
so you want me or not,1
you going to fall asleep before i get there,1
what if you do,1
then i will be really mad,1
and that is what you wanted was my truck,1
why you invite someone else over ,1
black fod,1
ford,1
i will cum,1
you so better not fall asleep,1
how late did you stay up last night,1
and yes i did go to bed when i said,1
lots of times i leave computer on,1
should i bring a razor because i need to shave  laugh out loud,1
i won't use yours,1
you will be using it  laugh out loud,1
because i am sure you won't like whiskers on me,1
okay i need to shower so should i wait until i get there,1
with you,1
okay one more thing,1
since it will be dark out now you going to do what i asked,1
where do i park,1
and you promise you won't fall asleep,1
i will be so mad if you do,1
okay i need to set television   grab my clothes get gas and on my way,1
but you going to call in about  hours to see where i am,1
like you always do  laugh out loud,1
okay you better call in  hours or i will just go to the casino and spend my money ,1
cum where,1
and you do not have to shower until i get there,1
i am,1
oh got to got a get my camera too,1
stay there i will message you when i leave the house,1
you horny,1
that is not and answer x ,1
oh not just a little tonight,1
okay i am leaving the house,1
have to get gas on will be on the road,1
and you better not be either,1
will be expecting a call at ,1
and then seeing them nice little nipples when you come out to my truck,1
okay talk to you about ,1
will be waiting for that real one soon,1
